Workbook

Sheet Contractors
A1: Burrows Island Light Stand Payroll Summary
A2: Contractor Name | B2: Specility | C2: Hourly Rate | D2: Contact Email | E2: Total Hours Billed
A3: Barnet Roofing | B3: roofer | C3: 50 | D3: contanct@roof.com | E3: 180
A4: Coast Guard Cleanup | B4: cleanup specilist | C4: 60 | D4: contracts@uscg.mil | E4: 240
A5: Salish Sea Volunteers | B5: trailer worker | C5: 0 | D5: volunteers@salishsea.org | E5: 320
A6: NWSS Preservation | B6: historic preservation specialist | C6: 75 | D6: nwss@burrowslighthouse.com | E6: 150
A7: Dan Call Leads | B7: project coordinator | C7: 50 | D7: dan@nwschooner.org | E7: 400
A8: Island Marine Service | B8: marine transporter | C8: 80 | D8: boats@islandmarine.net | E8: 90
A9: Puget Sound Electric | B9: electrician | C9: 65 | D9: wiring@pugetsoundelec.com | E9: 120
A10: Heritage Historians | B10: architectural historian | C10: 90 | D10: reports@heritagewa.org | E10: 80

Sheet Expenses
A1: Burrows Island Light Stand Payroll Summary
A2: Date | B2: Phase | C2: Site Area | D2: Material Type | E2: Contractor | F2: Hours Worked | G2: Cost | H2: Notes
A3: 46037 | B3: Preservation | C3: Keepers Quarters | D3: Timber | E3: Barnet Roofing | F3: 40 | G3: =F3*VLOOKUP(E3,Contractors!A:C,3,FALSE) -> 2000 | H3: Roof timber replacement post-storm
A4: 46042 | B4: Cleanup | C4: Lighthouse Tower | D4: Paint Removal | E4: Coast Guard Cleanup | F4: 32 | G4: =F4*VLOOKUP(E4,Contractors!A:C,3,FALSE) -> 1920 | H4: Lead paint soil excavation
A5: 45682 | B5: Assessment | C5: Boathouse | D5: Stone | E5: Heritage Historians | F5: 16 | G5: =F5*VLOOKUP(E5,Contractors!A:C,3,FALSE) -> 1440 | H5: 1906 foundation survey
A6: 46054 | B6: Preservation | C6: Keepers Quarters | D6: Timber | E6: Salish Sea Volunteers | F6: 50 | G6: =F6*VLOOKUP(E6,Contractors!A:C,3,FALSE) -> 0 | H6: Volunteer porch stair repairs
A7: 46058 | B7: Preservation | C7: Lighthouse Tower | D7: Timber | E7: NWSS Preservation | F7: 24 | G7: =F7*VLOOKUP(E7,Contractors!A:C,3,FALSE) -> 1800 | H7: Window framing restoration
A8: 45698 | B8: Logistics | C8: Island Access | D8: N/A | E8: Island Marine Service | F8: 12 | G8: =F8*VLOOKUP(E8,Contractors!A:C,3,FALSE) -> 960 | H8: Tool/supply boat transport
A9: 46068 | B9: Cleanup | C9: Trail Path | D9: Debris | E9: Salish Sea Volunteers | F9: 45 | G9: =F9*VLOOKUP(E9,Contractors!A:C,3,FALSE) -> 0 | H9: Overgrown trail clearing
A10: 46073 | B10: Preservation | C10: Keepers Quarters | D10: Paintf | E10: Puget Sound Electric | F10: 20 | G10: =F10*VLOOKUP(E10,Contractors!A:C,3,FALSE) -> 1300 | H10: Interpretive wiring prep
A11: 45717 | B11: Preservation | C11: Boathouse | D11: Timber | E11: Dan Call Leads | F11: 35 | G11: =F11*VLOOKUP(E11,Contractors!A:C,3,FALSE) -> 1750 | H11: Ladder and support beam fixes
A12: 45721 | B12: Cleanup | C12: Keepers Quarters | D12: Paint Removal | E12: Coast Guard Cleanup | F12: 28 | G12: =F12*VLOOKUP(E12,Contractors!A:C,3,FALSE) -> 1680 | H12: Woodwork surface washing
A13: 45726 | B13: Preservation | C13: Lighthouse Tower | D13: Timber | E13: Barnet Roofing | F13: 30 | G13: =F13*VLOOKUP(E13,Contractors!A:C,3,FALSE) -> 1500 | H13: North window roof flashing
A14: 45731 | B14: Assessment | C14: Island Wide | D14: NA | E14: NWSS Preservation | F14: 18 | G14: =F14*VLOOKUP(E14,Contractors!A:C,3,FALSE) -> 1350 | H14: NHLPA compliance review
... A21: 46132 | B21: Logistics | C21: Island Access | D21: N/A | E21: Island Marine Service | F21: 8 | G21: =F21*VLOOKUP(E21,Contractors!A:C,3,FALSE) -> 640 | H21: Equipment return transport

Sheet Data Input
A1: Date | B1: Contractor Name | C1: Hours Worked | D1: Hourly Rate | E1: Job Type | F1: Note
A2: 46058 | B2: NWSS Preservation | C2: 24 | D2: 75 | E2: Restoration
A3: 46063 | B3: Island Marine Service | C3: 12 | D3: 80 | E3: Logistics
A4: 46068 | B4: NWSS Preservation | C4: 12 | D4: 75 | E4: Restoration

Sheet Summary
A1: Burrows Island Light Stand Payroll Summary
A3: Total Hours | B3: =SUM('Data Input'!C:C) -> 48
A4: Total Payroll | B4: =SUMPRODUCT('Data Input'!C:C, 'Data Input'!D:D) -> 3660
A5: Avg Rate | B5: =AVERAGE('Data Input'!D:D) -> 76.666667
A6: Total Expenses | B6: =SUMPRODUCT('Data Input'!C2:C100,'Data Input'!D2:D100) -> 3660
A7: Contractor | B7: Hours | C7: Paid | D7: Avg Hours/Job
A8: {=_xlfn.UNIQUE('Data Input'!B2:B510)} -> NWSS Preservation | B8: =SUMIF('Data Input'!B:B,$A8,'Data Input'!C:C) -> 36 | C8: =$B8*VLOOKUP(A8,'Data Input'!B:D,3,FALSE) -> 2700 | D8: =$B8/COUNTIF('Data Input'!$B:$B,$A8) -> 18
A9: Island Marine Service | B9: =SUMIF('Data Input'!B:B,$A9,'Data Input'!C:C) -> 12 | C9: =$B9*VLOOKUP(A9,'Data Input'!B:D,3,FALSE) -> 960 | D9: =$B9/COUNTIF('Data Input'!$B:$B,$A9) -> 12
A10: 0 | B10: =SUMIF('Data Input'!B:B,$A10,'Data Input'!C:C) -> 0 | C10: =$B10*VLOOKUP(A10,'Data Input'!B:D,3,FALSE) -> #N/A | D10: =$B10/COUNTIF('Data Input'!$B:$B,$A10) -> #DIV/0!
